マスター,地名,センター,普通ごみ,資源ごみ,容器包装 プラスチック,古紙 衣類
1,池田町,北部環境事業センター,火 金,月,木,木
1,浮田,北部環境事業センター,水 土,火,金,金
1,梅田,北部環境事業センター,水 土,火,金,金
1,扇町,北部環境事業センター,水 土,火,金,金
1,大深町,北部環境事業センター,月 木,火,金,金
1,大淀北,北部環境事業センター,月 木,水,土,土
1,大淀北,北部環境事業センター,月 木,水,土,土
1,大淀中 ファインクォーターシティ,北部環境事業センター,水 土,水,土,土
1,大淀中5丁目 シティハイツ大淀,北部環境事業センター,水 土,水,土,土
1,大淀南,北部環境事業センター,月 木,水,土,土
1,角田町,北部環境事業センター,水 土,火,金,金
1,神山町,北部環境事業センター,水 土,火,金,金
1,菅栄町,北部環境事業センター,火 金,月,木,木
1,黒崎町,北部環境事業センター,水 土,火,金,金
1,紅梅町,北部環境事業センター,火 金,月,木,木
1,国分寺,北部環境事業センター,火 金,月,木,木
1,小松原町,北部環境事業センター,水 土,火,金,金
1,芝田,北部環境事業センター,月 木,火,金,金
1,末広町,北部環境事業センター,水 土,火,金,金
1,菅原町,北部環境事業センター,水 土,火,金,金
1,曽根崎,北部環境事業センター,水 土,火,金,金
1,曽根崎新地,北部環境事業センター,水 土,火,金,金
1,太融寺町,北部環境事業センター,水 土,火,金,金
1,茶屋町,北部環境事業センター,月 木,火,金,金
1,鶴野町,北部環境事業センター,月 木,火,金,金
1,鶴野町 ザ・梅田タワー,北部環境事業センター,水 土,火,金,金
1,天神西町,北部環境事業センター,水 土,火,金,金
1,天神橋1～6丁目,北部環境事業センター,火 金,月,木,木
1,天神橋1丁目 ザ・パークハウス天神橋1丁目,北部環境事業センター,水 土,月,木,木
1,天神橋7・8丁目,北部環境事業センター,火 金,月,木,木
1,天満,北部環境事業センター,火 金,月,木,木
1,天満橋,北部環境事業センター,火 金,月,木,木
1,同心,北部環境事業センター,火 金,月,木,木
1,堂島,北部環境事業センター,水 土,火,金,金
1,堂島浜,北部環境事業センター,水 土,火,金,金
1,堂山町,北部環境事業センター,水 土,火,金,金
1,兎我野町,北部環境事業センター,水 土,火,金,金
1,豊崎,北部環境事業センター,月 木,火,金,金
1,豊崎4丁目 レジデンス梅田・ローレルタワー,北部環境事業センター,水 土,火,金,金
1,中崎,北部環境事業センター,水 土,火,金,金
1,中崎西,北部環境事業センター,水 土,火,金,金
1,中津1丁目,北部環境事業センター,月 木,水,土,金
1,中津1~4丁目,北部環境事業センター,月 木,水,土,土
1,中之島,北部環境事業センター,水 土,火,金,金
1,長柄中,北部環境事業センター,火 金,月,木,木
1,長柄西,北部環境事業センター,火 金,月,木,木
1,長柄東,北部環境事業センター,火 金,月,木,木
1,浪花町,北部環境事業センター,水 土,火,金,金
1,錦町,北部環境事業センター,火 金,月,木,木
1,西天満,北部環境事業センター,水 土,火,金,金
1,野崎町,北部環境事業センター,水 土,火,金,金
1,万歳町,北部環境事業センター,水 土,火,金,金
1,東天満,北部環境事業センター,火 金,月,木,木
1,樋之口町,北部環境事業センター,火 金,月,木,木
1,本庄西,北部環境事業センター,月 木,火,金,金
1,本庄東,北部環境事業センター,月 木,火,金,金
1,本庄東 アデニウムタワー梅田イーストスクエア,北部環境事業センター,水 土,火,金,金
1,松ヶ枝町,北部環境事業センター,火 金,月,木,木
1,南扇町,北部環境事業センター,水 土,火,金,金
1,南森町,北部環境事業センター,水 土,火,金,金
1,山崎町,北部環境事業センター,水 土,火,金,金
1,与力町,北部環境事業センター,火 金,月,木,木
2,池田町,北部環境事業センター,火 金,月,木,?
2,網島町,北部環境事業センター,火 金,土,水,水
2,内代町,北部環境事業センター,月 木,金,火,火
2,片町,北部環境事業センター,火 金,土,水,水
2,毛馬町,北部環境事業センター,水 土,木,月,月
2,善源寺町,北部環境事業センター,月 木,金,火,火
2,大東町,北部環境事業センター,水 土,木,月,月
2,高倉町,北部環境事業センター,月 木,金,火,火
2,友渕町,北部環境事業センター,月 木,金,火,火
2,中野町1～4丁目,北部環境事業センター,火 金,土,水,水
2,中野町5丁目,北部環境事業センター,火 金,木,月,月
2,東野田町1～4丁目,北部環境事業センター,火 金,土,水,水
2,東野田町5丁目,北部環境事業センター,火 金,木,月,月
2,都島北通,北部環境事業センター,月 木,金,火,火
2,都島中通,北部環境事業センター,火 金,木,月,月
2,都島本通,北部環境事業センター,火 金,木,月,月
2,都島南通,北部環境事業センター,火 金,木,月,月
2,都島南通り2丁目 京橋グリーンハイツ,北部環境事業センター,水 土,木,月,月
2,御幸町,北部環境事業センター,月 木,金,火,火
3,海老江1丁目1～5番,西北環境事業センター　,月 木,火,金,金
3,海老江1丁目6～13番,西北環境事業センター　,火 金,水,土,水
3,海老江1丁目2・5・7丁目,西北環境事業センター　,月 木,火,金,土
3,海老江1丁目3・4・6丁目,西北環境事業センター　,火 金,水,土,水
3,海老江1丁目8丁目,西北環境事業センター　,火 金,水,土,土
3,大開1～4丁目,西北環境事業センター　,火 金,月,木,木
3,鷺洲1～3丁目,西北環境事業センター　,月 木,火,金,金
3,鷺洲4～6丁目,西北環境事業センター　,火 金,水,土,水
3,玉川1丁目1～5番,西北環境事業センター　,水 土,火,金,金
3,玉川1丁目2番51～56号,西北環境事業センター　,月 木,火,金,金
3,玉川1丁目キングマンション堂島川,西北環境事業センター　,月 木,火,金,?
3,玉川1丁目6～8番,西北環境事業センター　,月 木,火,金,金
3,玉川2丁目1・2・4番～12番,西北環境事業センター　,月 木,火,金,金
3,玉川2丁目13番 野田スカイハイツ,西北環境事業センター　,月 木,火,金,?
3,玉川2丁目3番 ユニライフ・厚生年金病院寮,西北環境事業センター　,月 木,火,金,?
3,玉川2丁目13番(野田スカイハイツを除く）,西北環境事業センター　,月 木,火,金,金
3,玉川3・4丁目,西北環境事業センター　,水 土,月,木,土
3,野田1～6丁目,西北環境事業センター　,水 土,月,木,木
3,野田6丁目3番　ザ・ウエステージ大阪,西北環境事業センター　,火 金,月,木,?
3,野田6丁目5番　リバーガーデン福島,西北環境事業センター　,火 金,月,木,?
3,福島1丁目 ザ・タワー大阪,西北環境事業センター　,火 金,火,金,?
3,福島1～5丁目,西北環境事業センター　,月 木,火,金,金
3,福島6丁目1番,西北環境事業センター　,月 木,火,金,金
3,福島6丁目2～25番,西北環境事業センター　,月 木,火,金,水
3,福島7丁目1～11番,西北環境事業センター　,月 木,火,金,金
3,福島7丁目12～23番,西北環境事業センター　,月 木,火,金,水
3,福島8丁目,西北環境事業センター　,月 木,火,金,金
3,吉野1丁目,西北環境事業センター　,水 土,月,木,金
3,吉野2丁目,西北環境事業センター　,火 金,月,木,土
3,吉野3～5丁目,西北環境事業センター　,火 金,月,木,木
4,朝日1・2丁目,西北環境事業センター　,月 木,土,水,火
4,梅町1・2丁目,西北環境事業センター　,月 木,金,火,火
4,春日出北1～3丁目,西北環境事業センター　,月 木,土,水,火
4,春日出中1～2丁目,西北環境事業センター　,月 木,金,火,火
4,春日出中3丁目,西北環境事業センター　,月 木,土,水,火
4,春日出南1丁目,西北環境事業センター　,水 土,金,火,火
4,春日出南2丁目,西北環境事業センター　,月 木,金,火,火
4,春日出南3丁目,西北環境事業センター　,月 木,土,水,火
4,桜島1～3丁目,西北環境事業センター　,月 木,金,火,火
4,四貫島1・2丁目,西北環境事業センター　,月 木,金,火,火
4,島屋1丁目,西北環境事業センター　,月 木,土,水,火
4,島屋2丁目,西北環境事業センター　,火 金,土,水,火
4,島屋3丁目,西北環境事業センター　,月 木,土,水,火
4,島屋4～6丁目(6丁目2番を除く),西北環境事業センター　,月 木,金,火,火
4,島屋6丁目2番のみ,西北環境事業センター　,水 土,金,火,火
4,高見1丁目高見フローラルタウン 7番街　13～18棟,西北環境事業センター　,月 木,木,月,月
4,高見1丁目高見フローラルタウン 6番街　21～23棟,西北環境事業センター　,月 木,木,月,月
4,高見1丁目高見フローラルタウン 5番街　45・46棟,西北環境事業センター　,月 木,木,月,月
4,高見1丁目高見フローラルタウン 4番街　54～56棟,西北環境事業センター　,月 木,木,月,月
4,高見1丁目高見フローラルタウン 3番街　31～32棟,西北環境事業センター　,月 木,木,月,月
4,高見1丁目高見フローラルタウン 5番街　41・43・44棟,西北環境事業センター　,火 金,木,月,月
4,高見1丁目高見フローラルタウン 4番街　51・52・57棟,西北環境事業センター　,火 金,木,月,月
4,高見1丁目高見フローラルタウン 6番街　24～27棟,西北環境事業センター　,火 金,木,月,月
4,高見1丁目高見フローラルタウン 3番街　33～34棟,西北環境事業センター　,水 土,木,月,月
4,高見1丁目コーシャンハイツ高見 36～38棟,西北環境事業センター　,水 土,木,月,月
4,高見1丁目厚生年金住宅　1棟,西北環境事業センター　,水 土,木,月,月
4,高見2・3丁目,西北環境事業センター　,水 土,木,月,月
4,常吉1・2丁目,西北環境事業センター　,火 金,木,月,月
4,伝法1丁目,西北環境事業センター　,水 土,木,月,月
4,伝法1丁目4番市営伝法住宅 1棟～11棟,西北環境事業センター　,火 金,木,月,月
4,伝法2～4丁目,西北環境事業センター　,火 金,木,月,月
4,伝法5・6丁目,西北環境事業センター　,火 金,木,月,月
4,酉島1～4丁目,西北環境事業センター　,火 金,木,月,月
4,酉島5・6丁目,西北環境事業センター　,火 金,木,月,月
4,西九条1～7丁目,西北環境事業センター　,水 土,金,火,火
4,梅香1～3丁目,西北環境事業センター　,月 木,金,火,火
4,北港1・2丁目,西北環境事業センター　,月 木,金,火,火
4,北港白津1・2丁目,西北環境事業センター　,月 木,金,火,火
4,北港緑地1・2丁目,西北環境事業センター　,月 木,金,火,火
4,夢洲中1丁目,西北環境事業センター　,月 木,金,火,火
4,夢洲東1丁目,西北環境事業センター　,月 木,金,火,火
5,安土町1丁目,中部環境事業センター出張所,水 土,土,月,木
5,安土町2・3丁目,中部環境事業センター出張所,水 土,土,月,水
5,淡路町1丁目,中部環境事業センター出張所,水 土,土,月,木
5,淡路町2～4丁目,中部環境事業センター出張所,水 土,土,月,水
5,安堂寺町1丁目,中部環境事業センター出張所,月 木,金,火,火
5,※安堂寺町2丁目,中部環境事業センター出張所,火 金,木,木,木
5,和泉町1・2丁目,中部環境事業センター出張所,火 金,木,木,木
5,※糸屋町1・2丁目,中部環境事業センター出張所,火 金,月,月,木
5,今橋1丁目,中部環境事業センター出張所,水 土,土,月,木
5,今橋2～4丁目,中部環境事業センター出張所,水 土,土,月,水
5,上汐1・2丁目,中部環境事業センター出張所,月 木,金,金,金
5,上本町西1～3丁目,中部環境事業センター出張所,月 木,金,金,火
5,上本町西4・5丁目,中部環境事業センター出張所,月 木,金,金,金
5,上町1丁目・A,中部環境事業センター出張所,月 木,火,火,火
5,上町B・C,中部環境事業センター出張所,月 木,金,火,火
5,内淡路町1・2丁目,中部環境事業センター出張所,火 金,月,月,木
5,内淡路町3丁目,中部環境事業センター出張所,水 土,月,月,木
5,内久宝寺町1・2丁目,中部環境事業センター出張所,月 木,金,火,火
5,内久宝寺町3・4丁目,中部環境事業センター出張所,火 金,木,木,木
5,内平野町1・2丁目,中部環境事業センター出張所,火 金,月,月,木
5,内平野町3丁目,中部環境事業センター出張所,水 土,月,月,木
5,内本町1・2丁目,中部環境事業センター出張所,火 金,月,月,木
5,大阪城,中部環境事業センター出張所,火 金,火,火,火
5,大手通1・2丁目,中部環境事業センター出張所,火 金,月,月,木
5,大手通3丁目,中部環境事業センター出張所,水 土,月,月,木
5,大手前1～4丁目,中部環境事業センター出張所,火 金,月,火,火
5,※瓦町1丁目,中部環境事業センター出張所,水 土,土,月,木
5,※瓦町1丁目 シティタワー大阪,中部環境事業センター出張所,火 金,土,月,木
5,瓦町2～4丁目,中部環境事業センター出張所,水 土,土,月,水
5,瓦屋町1丁目,中部環境事業センター出張所,火 金,水,木,金
5,瓦屋町2・3丁目,中部環境事業センター出張所,火 金,水,木,金
5,神崎町,中部環境事業センター出張所,火 金,木,木,木
5,北久宝寺町1丁目,中部環境事業センター出張所,水 土,木,金,木
5,北久宝寺町2～4丁目,中部環境事業センター出張所,水 土,土,月,水
5,北新町,中部環境事業センター出張所,火 金,月,月,木
5,北浜1丁目,中部環境事業センター出張所,水 土,土,月,木
5,北浜2～4丁目,中部環境事業センター出張所,水 土,土,月,水
5,※北浜東,中部環境事業センター出張所,火 金,月,月,木
5,久太郎町1丁目,中部環境事業センター出張所,水 土,木,金,木
5,久太郎町2～4丁目,中部環境事業センター出張所,水 土,土,月,水
5,高津1丁目,中部環境事業センター出張所,火 金,水,木,金
5,高津2丁目,中部環境事業センター出張所,水 土,水,金,金
5,高津3丁目,中部環境事業センター出張所,水 土,土,金,金
5,※高麗橋1丁目,中部環境事業センター出張所,水 土,土,水,木
5,※高麗橋1丁目　北浜タワー,中部環境事業センター出張所,月 木,月,水,木
5,高麗橋2～4丁目,中部環境事業センター出張所,水 土,土,水,水
5,※粉川町,中部環境事業センター出張所,火 金,木,木,木
5,石町,中部環境事業センター出張所,火 金,木,月,木1 木3
5,材木町,中部環境事業センター出張所,火 金,月,月,木
5,島之内1・2丁目,中部環境事業センター出張所,水 土,水,金,木
5,島町1・2丁目,中部環境事業センター出張所,火 金,月,月,木
5,十二軒町,中部環境事業センター出張所,火 金,木,木,木
5,城見1・2丁目,中部環境事業センター出張所,火 金,火,火,火
5,心斎橋筋1・2丁目,中部環境事業センター出張所,水 土,水,金,水
5,千日前1丁目,中部環境事業センター出張所,水 土,水,金,金
5,千日前2丁目,中部環境事業センター出張所,水 土,土,金,金
5,船場中央1丁目,中部環境事業センター出張所,水 土,土,月,木
5,船場中央2～4丁目,中部環境事業センター出張所,水 土,土,月,水
5,宗右衛門町,中部環境事業センター出張所,水 土,水,金,水
5,谷町1～3丁目(谷町筋以東),中部環境事業センター出張所,火 金,月,火,火
5,谷町1～3丁目(谷町筋以西),中部環境事業センター出張所,火 金,月,月,木
5,谷町4・5丁目(谷町筋以東),中部環境事業センター出張所,月 木,金,火,火
5,※谷町4・5丁目(谷町筋以西),中部環境事業センター出張所,月 木,木,木,木
5,谷町6・7丁目(谷町筋以東),中部環境事業センター出張所,月 木,金,金,火
5,谷町6・7丁目(谷町筋以西),中部環境事業センター出張所,火 金,水,木,金
5,谷町8・9丁目（谷町筋以東）,中部環境事業センター出張所,月 木,金,金,金
5,谷町8・9丁目（谷町筋以西）,中部環境事業センター出張所,火 金,水,木,金2
5,玉造1・2丁目,中部環境事業センター出張所,月 木,火,火,火
5,釣鐘町1・2丁目,中部環境事業センター出張所,火 金,月,月,木
5,天満橋京町,中部環境事業センター出張所,火 金,月,月,木
5,道修町1丁目,中部環境事業センター出張所,水 土,土,月,木
5,道修町2～4丁目,中部環境事業センター出張所,水 土,土,月,水
5,道頓堀1丁目東（堺筋以東）,中部環境事業センター出張所,水 土,水,金,金
5,道頓堀1丁目,中部環境事業センター出張所,水 土,水,金,金
5,道頓堀2丁目,中部環境事業センター出張所,水 土,土,金,金
5,東平1・2丁目,中部環境事業センター出張所,月 木,金,金,金
5,常盤町1・2丁目,中部環境事業センター出張所,火 金,月,月,木
5,徳井町1・2丁目,中部環境事業センター出張所,火 金,月,月,木
5,中寺1・2丁目,中部環境事業センター出張所,火 金,水,木,金
5,難波1丁目,中部環境事業センター出張所,水 土,水,金,金
5,難波2～5丁目,中部環境事業センター出張所,水 土,土,金,金
5,難波千日前,中部環境事業センター出張所,水 土,土,金,金
5,西心斎橋1・2丁目,中部環境事業センター出張所,水 土,土,金,水
5,日本橋1丁目 （千日前通北側）,中部環境事業センター出張所,水 土,水,金,金
5,日本橋1丁目 （千日前通南側）,中部環境事業センター出張所,水 土,土,金,金
5,日本橋2丁目,中部環境事業センター出張所,水 土,土,金,金
5,※農人橋1～3丁目,中部環境事業センター出張所,火 金,木,木,木
5,博労町1丁目,中部環境事業センター出張所,水 土,木,金,木
5,博労町2～4丁目,中部環境事業センター出張所,水 土,土,月,水
5,馬場町,中部環境事業センター出張所,月 木,火,火,火
5,東高麗橋,中部環境事業センター出張所,水 土,月,月,木
5,※東心斎橋1・2丁目,中部環境事業センター出張所,水 土,水,金,水
5,※東心斎橋1丁目 アルグラッド　ザ・タワー心斎橋,中部環境事業センター出張所,火 金,水,金,水
5,平野町1丁目,中部環境事業センター出張所,水 土,土,月,木
5,平野町2～4丁目,中部環境事業センター出張所,水 土,土,月,水
5,備後町1丁目,中部環境事業センター出張所,水 土,土,月,木
5,備後町1丁目 ブランズタワー大阪備後町,中部環境事業センター出張所,火 金,土,月,木
5,備後町2～4丁目,中部環境事業センター出張所,水 土,土,月,水
5,伏見町1丁目,中部環境事業センター出張所,水 土,土,月,木
5,伏見町2～4丁目,中部環境事業センター出張所,水 土,土,月,水
5,伏見町3丁目 淀屋橋アップルタワーレジデンス,中部環境事業センター出張所,火 金,土,月,水
5,船越町1・2丁目,中部環境事業センター出張所,火 金,月,月,木
5,法円坂1丁目,中部環境事業センター出張所,月 木,火,火,火
5,法円坂2丁目,中部環境事業センター出張所,月 木,金,火,火
5,本町1丁目,中部環境事業センター出張所,水 土,土,月,木
5,本町2～4丁目,中部環境事業センター出張所,水 土,土,月,木
5,本町橋北側,中部環境事業センター出張所,水 土,月,月,木
5,本町橋南側,中部環境事業センター出張所,水 土,土,水,木1 木3
5,松屋町1・2・8～10番地（長堀通り北側）,中部環境事業センター出張所,火 金,木,木,木
5,松屋町3～7番地（長堀通り南側）,中部環境事業センター出張所,火 金,水,木,金
5,松屋町住吉,中部環境事業センター出張所,火 金,木,木,木
5,南久宝寺町1丁目,中部環境事業センター出張所,水 土,木,金,木
5,南久宝寺町2～4丁目,中部環境事業センター出張所,水 土,土,月,水
5,南新町1・2丁目,中部環境事業センター出張所,火 金,月,月,木
5,南船場1丁目,中部環境事業センター出張所,水 土,木,金,木
5,南船場2～4丁目,中部環境事業センター出張所,水 土,土,月,水
5,南本町1丁目,中部環境事業センター出張所,水 土,土,月,木
5,南本町2～4丁目,中部環境事業センター出張所,水 土,土,月,水
5,南本町3丁目 アーバンライフ御堂筋本町タワー,中部環境事業センター出張所,火 金,土,月,水
5,森ノ宮中央1・2丁目,中部環境事業センター出張所,月 木,火,火,火
5,鎗屋町1・2丁目,中部環境事業センター出張所,火 金,月,月,木
5,龍造寺町,中部環境事業センター出張所,月 木,金,火,火
6,安治川1・2丁目,西部環境事業センター,水 土,月,木,木
6,阿波座1・2丁目,西部環境事業センター,月 木,火,金,金
6,立売堀1～4丁目,西部環境事業センター,月 木,火,金,金
6,立売堀5・6丁目,西部環境事業センター,火 金,月,木,土
6,靭本町1・2丁目,西部環境事業センター,月 木,火,金,金
6,靭本町3丁目,西部環境事業センター,月 木,火,金,土
6,江戸堀1・2丁目,西部環境事業センター,月 木,火,金,金
6,江戸堀3丁目,西部環境事業センター,火 金,月,木,土
6,江之子島1・2丁目,西部環境事業センター,火 金,月,木,土
6,川口1丁目,西部環境事業センター,火 金,月,木,土
6,川口2～4丁目,西部環境事業センター,火 金,月,木,木
6,北堀江1～3丁目,西部環境事業センター,月 木,火,金,金
6,北堀江4丁目,西部環境事業センター,火 金,水,土,水
6,京町堀1・2丁目,西部環境事業センター,月 木,火,金,金
6,京町堀3丁目,西部環境事業センター,月 木,火,金,土
6,九条1～3丁目,西部環境事業センター,水 土,月,木,木
6,九条南1～4丁目,西部環境事業センター,水 土,月,木,木
6,境川1・2丁目,西部環境事業センター,水 土,月,木,木
6,新町1～3丁目,西部環境事業センター,月 木,火,金,金
6,新町4丁目,西部環境事業センター,火 金,水,土,水
6,千代崎1丁目,西部環境事業センター,火 金,月,木,木
6,千代崎2・3丁目,西部環境事業センター,水 土,月,木,木
6,土佐堀1・2丁目,西部環境事業センター,月 木,火,金,金
6,土佐堀3丁目,西部環境事業センター,火 金,月,木,土
6,西本町1・2丁目,西部環境事業センター,月 木,火,金,金
6,西本町3丁目,西部環境事業センター,月 木,火,金,土
6,本田1～4丁目,西部環境事業センター,火 金,月,木,木
6,南堀江1～3丁目,西部環境事業センター,月 木,火,金,金
6,南堀江4丁目,西部環境事業センター,火 金,水,土,水
7,池島1～3丁目,西部環境事業センター,月 木,土,水,火
7,石田1～3丁目,西部環境事業センター,火 金,木,月,月
7,磯路1～3丁目,西部環境事業センター,火 金,木,月,月
7,市岡1～4丁目,西部環境事業センター,月 木,金,火,土
7,市岡元町1～3丁目,西部環境事業センター,水 土,金,火,月
7,海岸通1丁目,西部環境事業センター,火 金,木,月,月
7,海岸通2丁目,西部環境事業センター,火 金,木,月,月
7,海岸通3・4丁目,西部環境事業センター,月 木,土,水,月
7,港晴1・2丁目,西部環境事業センター,月 木,土,水,火
7,港晴3～5丁目,西部環境事業センター,火 金,木,月,月
7,田中1・2丁目,西部環境事業センター,火 金,木,月,月
7,田中3丁目,西部環境事業センター,火 金,木,月,月
7,築港1・2丁目,西部環境事業センター,火 金,木,月,月
7,築港3・4丁目,西部環境事業センター,火 金,木,月,月
7,波除1丁目 1・2・4・5・6番,西部環境事業センター,火 金,金,火,月
7,波除2・3丁目,西部環境事業センター,水 土,金,火,月
7,波除4丁目 1・6・7・8・10番,西部環境事業センター,火 金,金,火,月
7,波除4丁目 2・3・4・5番,西部環境事業センター,水 土,金,火,月
7,波除5丁目 1～8番,西部環境事業センター,水 土,金,火,月
7,波除5丁目 9～13番,西部環境事業センター,火 金,木,月,月
7,波除6丁目,西部環境事業センター,火 金,木,月,月
7,福崎1～3丁目,西部環境事業センター,月 木,土,水,土
7,弁天1～3丁目,西部環境事業センター,火 金,木,月,月
7,弁天4～7丁目,西部環境事業センター,火 金,木,月,月
7,三先1丁目,西部環境事業センター,月 木,金,火,火
7,三先2丁目,西部環境事業センター,月 木,土,水,火
7,南市岡1～3丁目,西部環境事業センター,水 土,金,火,月
7,八幡屋1～4丁目,西部環境事業センター,月 木,土,水,火
7,夕凪1・2丁目,西部環境事業センター,月 木,金,火,土
8,泉尾1・2・3・6丁目,西部環境事業センター　,水 土,火,金,金
8,泉尾4・5・8丁目,西部環境事業センター　,月 木,火,金,金
8,北恩加島1丁目1～15番,西部環境事業センター　,月 木,火,金,金
8,北恩加島1丁目16～19番,西部環境事業センター　,月 木,火,金,金
8,北恩加島2丁目,西部環境事業センター　,月 木,火,金,金
8,北村1～3丁目,西部環境事業センター　,月 木,火,金,火
8,小林西1・2丁目,西部環境事業センター　,月 木,火,金,火
8,小林東1～3丁目,西部環境事業センター　,火 金,木,月,木
8,三軒家西1～3丁目,西部環境事業センター　,水 土,火,金,金
8,三軒家東1丁目1～9番,西部環境事業センター　,火 金,木,月,金
8,三軒家東1丁目10～21番,西部環境事業センター　,火 金,木,月,水
8,三軒家東2～6丁目,西部環境事業センター　,火 金,木,月,水
8,千島1・2丁目,西部環境事業センター　,火 金,木,月,木
8,千島3丁目,西部環境事業センター　,月 木,火,金,火
8,鶴町1～5丁目,西部環境事業センター　,月 木,土,水,火
8,平尾1～5丁目,西部環境事業センター　,火 金,木,月,木
8,船町1・2丁目,西部環境事業センター　,火 金,土,水,木
8,南恩加島1～4丁目,西部環境事業センター　,火 金,土,水,木
8,南恩加島5～8丁目,西部環境事業センター　,月 木,土,水,火
9,味原町,中部環境事業センター　,月 木,火,金,金
9,味原本町,中部環境事業センター　,月 木,火,金,金
9,生玉町,中部環境事業センター　,火 金,月,木,木
9,生玉寺町,中部環境事業センター　,火 金,月,木,木
9,生玉前町1～3番,中部環境事業センター　,火 金,水,土,木
9,生玉前町4・5番,中部環境事業センター　,火 金,月,木,木
9,石ヶ辻町,中部環境事業センター　,火 金,水,土,土1 土3
9,上汐3丁目,中部環境事業センター　,火 金,水,土,木
9,上汐4・5丁目,中部環境事業センター　,火 金,月,木,木
9,上汐6丁目,中部環境事業センター　,火 金,月,木,木
9,上之宮町,中部環境事業センター　,月 木,火,金,金
9,上本町1～6丁目,中部環境事業センター　,火 金,水,土,木
9,上本町7丁目1・4番,中部環境事業センター　,月 木,火,金,金
9,上本町7丁目2・3番,中部環境事業センター　,火 金,月,木,木
9,上本町8丁目1番,中部環境事業センター　,月 木,火,金,金
9,上本町8丁目2番,中部環境事業センター　,火 金,月,木,木
9,上本町8丁目3番,中部環境事業センター　,火 金,月,木,木
9,上本町8丁目4番,中部環境事業センター　,月 木,火,金,金
9,上本町8丁目5番,中部環境事業センター　,月 木,火,金,金
9,上本町8丁目6番,中部環境事業センター　,火 金,月,木,木
9,上本町8丁目7番,中部環境事業センター　,火 金,月,木,木
9,上本町8丁目8番,中部環境事業センター　,火 金,月,木,木
9,上本町8丁目9番,中部環境事業センター　,月 木,火,金,金
9,上本町9丁目1・4・5番,中部環境事業センター　,月 木,火,金,金
9,上本町9丁目2・3・6番,中部環境事業センター　,火 金,月,木,木
9,餌差町,中部環境事業センター　,月 木,火,金,金
9,逢阪,中部環境事業センター　,水 土,月,木,木
9,小橋町,中部環境事業センター　,月 木,火,金,金
9,勝山1～2丁目,中部環境事業センター　,火 金,月,木,木
9,勝山3丁目,中部環境事業センター　,水 土,月,木,金
9,勝山4丁目1～6番,中部環境事業センター　,月 木,火,金,金
9,勝山4丁目7～12番,中部環境事業センター　,水 土,月,木,金
9,空清町,中部環境事業センター　,火 金,水,土,木
9,烏ヶ辻,中部環境事業センター　,月 木,火,金,金
9,烏ヶ辻　2丁目10番4号のみ,中部環境事業センター　,水 土,火,金,金
9,空堀町,中部環境事業センター　,月 木,火,金,金
9,北河堀町　1番～3番,中部環境事業センター　,水 土,月,木,金
9,北河堀町　4番～10番,中部環境事業センター　,水 土,月,木,木
9,北山町1～9番,中部環境事業センター　,月 木,火,金,金
9,北山町9・10番,中部環境事業センター　,月 木,火,金,金
9,国分町,中部環境事業センター　,水 土,月,木,金
9,小宮町,中部環境事業センター　,月 木,火,金,金
9,小宮町　4・7番のみ,中部環境事業センター　,水 土,火,金,金
9,細工谷,中部環境事業センター　,月 木,火,金,金
9,真田山町,中部環境事業センター　,月 木,火,金,金
9,下寺町1丁目,中部環境事業センター　,火 金,月,木,木
9,下寺町2丁目1～6番,中部環境事業センター　,水 土,月,木,木
9,下寺町2丁目1番41,中部環境事業センター　,水 土,月,木,木
9,四天王寺1丁目,中部環境事業センター　,水 土,月,木,木
9,四天王寺2丁目,中部環境事業センター　,火 金,月,木,木
9,清水谷町,中部環境事業センター　,火 金,水,土,木
9,下味原町,中部環境事業センター　,月 木,水,土,金
9,城南寺町,中部環境事業センター　,火 金,水,土,木
9,真法院町,中部環境事業センター　,月 木,火,金,金
9,大道1・3・4・5丁目,中部環境事業センター　,水 土,月,木,木
9,大道2丁目,中部環境事業センター　,火 金,月,木,木
9,大道3・4・5丁目,中部環境事業センター　,水 土,月,木,金
9,玉造本町,中部環境事業センター　,月 木,火,金,金
9,玉造元町,中部環境事業センター　,月 木,火,金,金
9,茶臼山町,中部環境事業センター　,水 土,月,木,木
9,寺田町,中部環境事業センター　,水 土,月,木,金
9,堂ヶ芝,中部環境事業センター　,月 木,火,金,金
9,東上町,中部環境事業センター　,月 木,水,土,金
9,東上町9番　（玉造筋沿いのみ）,中部環境事業センター　,月 木,火,金,金
9,東高津町,中部環境事業センター　,火 金,水,土,木
9,悲田院町,中部環境事業センター　,水 土,月,木,木
9,筆ヶ崎町,中部環境事業センター　,月 木,火,金,金
9,筆ヶ崎町2番8号、5番39号,中部環境事業センター　,火 金,火,金,金
9,筆ヶ崎町6番12号・41号,中部環境事業センター　,火 金,火,金,金
9,舟橋町,中部環境事業センター　,月 木,火,金,金
9,堀越町,中部環境事業センター　,水 土,月,木,木
9,松ヶ鼻町,中部環境事業センター　,月 木,火,金,金
9,南河堀町　1番～6番,中部環境事業センター　,水 土,月,木,金
9,南河堀町　7番～10番,中部環境事業センター　,水 土,月,木,木
9,夕陽丘町,中部環境事業センター　,水 土,月,木,木
9,夕陽丘町1番49号,中部環境事業センター　,火 金,月,木,木
9,伶人町,中部環境事業センター　,水 土,月,木,木
9,六万体町1・2番,中部環境事業センター　,火 金,月,木,木
9,六万体町3～5番,中部環境事業センター　,火 金,月,木,木1 木3
10,芦原1・2丁目,中部環境事業センター出張所　,火 金,月,木,月
10,稲荷1・2丁目,中部環境事業センター出張所　,火 金,月,木,月
10,恵美須西1～3丁目,中部環境事業センター出張所　,月 木,火,金,土
10,恵美須東1～3丁目,中部環境事業センター出張所　,月 木,火,金,土
10,戎本町1・2丁目,中部環境事業センター出張所　,月 木,火,金,土
10,木津川1・2丁目,中部環境事業センター出張所　,水 土,月,木,土
10,久保吉1・2丁目,中部環境事業センター出張所　,水 土,月,木,月
10,幸町1丁目,中部環境事業センター出張所　,火 金,月,木,月
10,幸町2・3丁目,中部環境事業センター出張所　,水 土,月,木,月
10,桜川1・2丁目,中部環境事業センター出張所　,火 金,月,木,月
10,桜川3・4丁目,中部環境事業センター出張所　,水 土,月,木,月
10,塩草1～3丁目,中部環境事業センター出張所　,火 金,月,木,月
10,敷津西1・2丁目,中部環境事業センター出張所　,火 金,月,木,月
10,敷津東1～3丁目,中部環境事業センター出張所　,火 金※,火,金,土
10,下寺1～3丁目,中部環境事業センター出張所　,月 木,火,金,水
10,大国1～3丁目,中部環境事業センター出張所　,水 土,月,木,月
10,立葉1・2丁目,中部環境事業センター出張所　,水 土,月,木,月
10,浪速西1〜4丁目,中部環境事業センター出張所　,水 土,月,木,月
10,浪速東1〜3丁目,中部環境事業センター出張所　,水 土,月,木,月
10,難波中1丁目,中部環境事業センター出張所　,火 金,月,木,土
10,難波中2丁目8番地,中部環境事業センター出張所　,火 金,火,金,土
10,難波中2丁目8番地以外の番地,中部環境事業センター出張所　,月 木,火,金,土
10,難波中3丁目,中部環境事業センター出張所　,火 金,火,金,土
10,日本橋3〜5丁目,中部環境事業センター出張所　,月 木,火,金,水
10,日本橋西1・2丁目,中部環境事業センター出張所　,月 木,火,金,土
10,日本橋東1～3丁目,中部環境事業センター出張所　,月 木,火,金,水
10,湊町1・2丁目,中部環境事業センター出張所　,火 金,火,金,月
10,元町1～3丁目,中部環境事業センター出張所　,火 金,月,木,月
11,歌島1～4丁目,西北環境事業センター,月 木,火,金,金
11,大野1～3丁目,西北環境事業センター,火 金,月,木,月
11,大和田1・2丁目,西北環境事業センター,火 金,月,木,木
11,大和田3～6丁目,西北環境事業センター,火 金,月,木,木
11,柏里1丁目,西北環境事業センター,月 木,水,土,土
11,柏里2・3丁目,西北環境事業センター,月 木,水,土,土
11,竹島1～5丁目,西北環境事業センター,月 木,水,土,水
11,千舟1丁目,西北環境事業センター,火 金,月,木,土
11,千舟2・3丁目,西北環境事業センター,火 金,水,土,土
11,佃1・2丁目,西北環境事業センター,水 土,火,金,火
11,佃3丁目2～7番 (軽四輪車(小さい車)で収集している地域),西北環境事業センター,火 金,火,金,火
11,佃3～7丁目,西北環境事業センター,水 土,火,金,火
11,出来島1丁目1丁目3番 府営出来島住宅,西北環境事業センター,火 金,月,木,木
11,出来島1・2丁目,西北環境事業センター,水 土,月,木,木
11,出来島2丁目9-22 リバーサイド,西北環境事業センター,月 木,月,木,木
11,出来島2丁目9-28 レピア,西北環境事業センター,月 木,月,木,*
11,出来島3丁目,西北環境事業センター,月 木,火,金,土
11,中島1・2丁目,西北環境事業センター,火 金,月,木,月
11,西島1・2丁目,西北環境事業センター,火 金,月,木,月
11,野里1～3丁目,西北環境事業センター,月 木,火,金,金
11,花川1・2丁目,西北環境事業センター,月 木,水,土,土
11,姫里1・2丁目,西北環境事業センター,月 木,火,金,金
11,姫里3丁目,西北環境事業センター,火 金,月,木,木
11,姫里3丁目2番,西北環境事業センター,月 木,月,木,木
11,姫里3丁目12番ワンダースクエア,西北環境事業センター,月 木,月,木,*
11,姫里3丁目13番9～14号,西北環境事業センター,月 木,月,木,木
11,姫島1～3丁目,西北環境事業センター,火 金,月,木,月
11,姫島4～6丁目,西北環境事業センター,火 金,月,木,木
11,百島1・2丁目,西北環境事業センター,火 金,月,木,月
11,福町1丁目,西北環境事業センター,火 金,月,木,月
11,福町2・3丁目,西北環境事業センター,火 金,月,木,月
11,御幣島1・3・5丁目,西北環境事業センター,月 木,水,土,水
11,御幣島3丁目12番地,西北環境事業センター,火 金,水,土,水
11,御幣島3丁目13番地ファインフラッソ御幣島,西北環境事業センター,火 金,水,土,*
11,御幣島3丁目14番地エンゼルパークスプリングス,西北環境事業センター,火 金,水,土,*
11,御幣島3丁目14番地レックスシテイ歌島公園,西北環境事業センター,火 金,水,土,水
11,御幣島2・4・6丁目,西北環境事業センター,月 木,水,土,水
11,御幣島6丁目7～10番,西北環境事業センター,火 金,水,土,水
11,御幣島6丁目6番28番ササクラ寮,西北環境事業センター,火 金,水,土,水
12,加島1〜4丁目,東北環境事業センター,水 土,金,火,金
12,木川西1〜4丁目,東北環境事業センター,月 木,土,水,土
12,木川東1〜4丁目,東北環境事業センター,月 木,土,水,土
12,十三東1～5丁目,東北環境事業センター,月 木,土,水,土
12,十三本町1・2丁目,東北環境事業センター,月 木,金,火,金
12,十三本町3丁目,東北環境事業センター,月 木,土,水,土
12,十三元今里1～3丁目,東北環境事業センター,月 木,金,火,金
12,十八条1～3丁目,東北環境事業センター,火 金,木,月,木
12,新北野1～3丁目,東北環境事業センター,月 木,金,火,金
12,田川1～3丁目,東北環境事業センター,月 木,金,火,金
12,田川北1～3丁目,東北環境事業センター,月 木,金,火,金
12,塚本1～6丁目,東北環境事業センター,月 木,金,火,金
12,新高1～6丁目,東北環境事業センター,火 金,木,月,木
12,西中島 1～7丁目,東北環境事業センター,月 木,土,水,土
12,西三国 1～4丁目,東北環境事業センター,火 金,木,月,木
12,西宮原 1〜3丁目,東北環境事業センター,火 金,木,月,木
12,野中北 1～2丁目（1丁目1番を除く）,東北環境事業センター,水 土,金,火,金
12,野中北 1丁目1番,東北環境事業センター,水 土,木,月,金
12,野中南 1～2丁目,東北環境事業センター,月 木,土,水,土
12,東三国 1～6丁目,東北環境事業センター,火 金,木,月,木
12,三国本町 1〜3丁目,東北環境事業センター,火 金,木,月,木
12,三津屋北1～3丁目,東北環境事業センター,水 土,金,火,金
12,三津屋中1～3丁目,東北環境事業センター,水 土,金,火,金
12,三津屋南1～3丁目,東北環境事業センター,水 土,金,火,金
12,宮原1～5丁目,東北環境事業センター,火 金,木,月,木
13,相川1～3丁目,東北環境事業センター,火 金,月,木,月
13,淡路1～5丁目,東北環境事業センター,月 木,水,土,水
13,井高野1～4丁目,東北環境事業センター,火 金,月,木,月
13,大隅1〜2丁目,東北環境事業センター,月 木,火,金,火
13,上新庄1～3丁目,東北環境事業センター,水 土,火,金,火
13,北江口1～4丁目,東北環境事業センター,火 金,月,木,月
13,柴島1～3丁目,東北環境事業センター,火 金,月,木,月
13,小松1〜5丁目,東北環境事業センター,月 木,火,金,火
13,下新庄1〜6丁目,東北環境事業センター,月 木,水,土,水
13,瑞光1〜5丁目,東北環境事業センター,月 木,火,金,火
13,菅原1・2・3・4・6・7丁目,東北環境事業センター,火 金,月,木,月
13,菅原5丁目,東北環境事業センター,水 土,月,木,月
13,大桐1〜5丁目,東北環境事業センター,月 木,火,金,火
13,大道南1〜3丁目,東北環境事業センター,月 木,火,金,火
13,豊里1〜7丁目,東北環境事業センター,水 土,火,金,火
13,西淡路1〜6丁目,東北環境事業センター,火 金,月,木,月
13,東淡路1〜5丁目,東北環境事業センター,火 金,月,木,月
13,東中島1〜6丁目,東北環境事業センター,火 金,月,木,月
13,豊新1～5丁目,東北環境事業センター,水 土,月,木,月
13,南江口1〜3丁目,東北環境事業センター,月 木,火,金,火
14,大今里1・2丁目 パッカー車(大きい車)で収集している地域,東部環境事業センター,火 金,月,木,木
14,大今里1・2丁目 軽四輪車(小さい車)で収集している地域,東部環境事業センター,月 木,火,金,木
14,大今里3・4丁目,東部環境事業センター,火 金,月,木,木
14,大今里西1・2丁目,東部環境事業センター,月 木,火,金,金
14,大今里西3丁目,東部環境事業センター,水 土,火,金,金
14,大今里南1～3丁目,東部環境事業センター,水 土,火,金,金
14,大今里南4～6丁目,東部環境事業センター,水 土,月,木,木
14,神路1・2丁目,東部環境事業センター,火 金,月,木,月
14,神路3・4丁目,東部環境事業センター,火 金,月,木,木
14,中道1～4丁目,東部環境事業センター,月 木,火,金,火
14,中本1丁目,東部環境事業センター,火 金,火,金,火
14,中本2丁目 パッカー車(大きい車)で収集している地域,東部環境事業センター,月 木,水,土,火
14,中本2丁目 軽四輪車(小さい車)で収集している地域,東部環境事業センター,水 土,水,土,火
14,中本3～5丁目,東部環境事業センター,月 木,水,土,火
14,東今里1〜3丁目,東部環境事業センター,火 金,水,土,月
14,東小橋1～3丁目,東部環境事業センター,月 木,火,金,火
14,東中本1～3丁目,東部環境事業センター,火 金,水,土,月
14,深江北1～3丁目,東部環境事業センター,火 金,月,木,月
14,深江南1丁目,東部環境事業センター,火 金,月,木,木
14,深江南2丁目,東部環境事業センター,水 土,月,木,月
14,深江南3丁目,東部環境事業センター,水 土,月,木,月
14,玉津1・2丁目,東部環境事業センター,月 木,火,金,金
14,玉津3丁目,東部環境事業センター,水 土,火,金,金
15,生野西1丁目 パッカー車(大きい車)で収集している地域,東部環境事業センター,火 金,土,水,月
15,生野西1丁目 軽四輪車(小さい車)で収集している地域,東部環境事業センター,火 金,木,月,月
15,生野西2～4丁目,東部環境事業センター,火 金,土,水,月
15,生野東1丁目 パッカー車(大きい車)で収集している地域,東部環境事業センター,火 金,土,水,土
15,生野東1丁目 軽四輪車(小さい車)で収集している地域,東部環境事業センター,火 金,木,月,土
15,生野東2丁目 パッカー車(大きい車)で収集している地域,東部環境事業センター,火 金,土,水,月
15,生野東2丁目 軽四輪車(小さい車)で収集している地域,東部環境事業センター,火 金,木,月,月
15,生野東3丁目 パッカー車(大きい車)で収集している地域,東部環境事業センター,火 金,土,水,土
15,生野東3丁目 軽四輪車(小さい車)で収集している地域,東部環境事業センター,火 金,木,月,土
15,生野東3丁目 3丁目10番、軽四輪車(小さい車)で収集している,東部環境事業センター,火 金,土,水,土
15,生野東4丁目 パッカー車(大きい車)で収集している地域,東部環境事業センター,火 金,土,水,月
15,生野東4丁目 軽四輪車(小さい車)で収集している地域,東部環境事業センター,火 金,木,月,月
15,勝山北1丁目 パッカー車(大きい車)で収集している地域,東部環境事業センター,月 木,土,水,火
15,勝山北1丁目 軽四輪車(小さい車)で収集している地域,東部環境事業センター,月 木,金,火,火
15,勝山北2丁目 パッカー車(大きい車)で収集している地域,東部環境事業センター,月 木,土,水,火
15,勝山北2丁目 軽四輪車(小さい車)で収集している地域,東部環境事業センター,火 金,木,月,火
15,勝山北3～4丁目 パッカー車(大きい車)で収集している地域,東部環境事業センター,月 木,金,火,火
15,勝山北3～4丁目 軽四輪車(小さい車)で収集している地域,東部環境事業センター,火 金,木,月,火
15,勝山北5丁目,東部環境事業センター,月 木,金,火,火
15,勝山南1丁目 パッカー車(大きい車)で収集している地域,東部環境事業センター,火 金,土,水,月
15,勝山南1丁目 軽四輪車(小さい車)で収集している地域,東部環境事業センター,火 金,木,月,月
15,勝山南2丁目,東部環境事業センター,火 金,土,水,月
15,勝山南3丁目,東部環境事業センター,火 金,土,水,土
15,勝山南4丁目,東部環境事業センター,火 金,木,月,土
15,小路1・3丁目 パッカー車(大きい車)で収集している地域,東部環境事業センター,月 木,金,火,金
15,小路1・3丁目 軽四輪車(小さい車)で収集している地域,東部環境事業センター,水 土,金,火,金
15,小路2丁目,東部環境事業センター,月 木,金,火,金
15,小路東1～6丁目,東部環境事業センター,火 金,木,月,水
15,舎利寺1・2丁目,東部環境事業センター,火 金,木,月,土
15,舎利寺3丁目,東部環境事業センター,火 金,木,月,月
15,新今里1～5・7丁目,東部環境事業センター,月 木,金,火,金
15,新今里6丁目 パッカー車(大きい車)で収集している地域,東部環境事業センター,月 木,金,火,金
15,新今里6丁目 軽四輪車(小さい車)で収集している地域,東部環境事業センター,水 土,金,火,金
15,巽東1・3丁目,東部環境事業センター,火 金,木,月,木
15,巽東2・4丁目,東部環境事業センター,水 土,木,月,木
15,巽南1～5丁目,東部環境事業センター,水 土,木,月,木
15,田島1・3丁目,東部環境事業センター,火 金,木,月,水
15,田島2丁目 パッカー車(大きい車)で収集している地域,東部環境事業センター,火 金,木,月,水
15,田島2丁目 軽四輪車(小さい車)で収集している地域,東部環境事業センター,水 土,金,火,水
15,田島4丁目 パッカー車(大きい車)で収集している地域,東部環境事業センター,水 土,木,月,月
15,田島4丁目 軽四輪車(小さい車)で収集している地域,東部環境事業センター,水 土,金,火,月
15,田島5～6丁目,東部環境事業センター,水 土,木,月,月
15,巽北1丁目,東部環境事業センター,月 木,金,火,土
15,巽北2～3丁目 パッカー車(大きい車)で収集している地域,東部環境事業センター,月 木,金,火,金
15,巽北2～3丁目 軽四輪車(小さい車)で収集している地域,東部環境事業センター,水 土,金,火,金
15,巽北4丁目,東部環境事業センター,火 金,木,月,水
15,巽中1丁目 パッカー車(大きい車)で収集している地域,東部環境事業センター,火 金,木,月,水
15,巽中1丁目 軽四輪車(小さい車)で収集している地域,東部環境事業センター,水 土,木,月,水
15,巽中2丁目,東部環境事業センター,火 金,木,月,水
15,巽中3～4丁目,東部環境事業センター,水 土,木,月,木
15,巽西1・2丁目,東部環境事業センター,火 金,木,月,水
15,巽西3丁目,東部環境事業センター,水 土,木,月,木
15,巽西4丁目 パッカー車(大きい車)で収集している地域,東部環境事業センター,水 土,木,月,木
15,巽西4丁目 軽四輪車(小さい車)で収集している地域,東部環境事業センター,水 土,金,火,木
15,鶴橋1・2丁目 パッカー車(大きい車)で収集している地域,東部環境事業センター,月 木,金,火,火
15,鶴橋1・2丁目 軽四輪車(小さい車)で収集している地域,東部環境事業センター,月 木,土,水,火
15,鶴橋3～5丁目,東部環境事業センター,月 木,金,火,火
15,中川西1～3丁目,東部環境事業センター,月 木,金,火,火
15,中川1・3丁目,東部環境事業センター,月 木,金,火,土
15,中川2・4～6丁目 パッカー車(大きい車)で収集している地域,東部環境事業センター,月 木,金,火,土
15,中川2・4～6丁目 軽四輪車(小さい車)で収集している地域,東部環境事業センター,水 土,金,火,土
15,中川東1丁目 パッカー車(大きい車)で収集している地域,東部環境事業センター,月 木,金,火,金
15,中川東1丁目 軽四輪車(小さい車)で収集している地域,東部環境事業センター,水 土,金,火,金
15,中川東2丁目,東部環境事業センター,月 木,金,火,金
15,林寺1・4丁目,東部環境事業センター,火 金,土,水,月
15,林寺2～3丁目 パッカー車(大きい車)で収集している地域,東部環境事業センター,火 金,土,水,月
15,林寺2～3丁目 軽四輪車(小さい車)で収集している地域,東部環境事業センター,火 金,木,月,月
15,林寺5～6丁目,東部環境事業センター,火 金,木,月,月
15,桃谷1～2丁目 パッカー車(大きい車)で収集している地域,東部環境事業センター,月 木,土,水,火
15,桃谷1～2丁目 軽四輪車(小さい車)で収集している地域,東部環境事業センター,月 木,金,火,火
15,桃谷1～2丁目 軽四輪車(小さい車)で収集している、1丁目9～11番,東部環境事業センター,月 木,土,水,火
15,桃谷3～5丁目,東部環境事業センター,月 木,金,火,火
16,赤川1～2丁目,城北環境事業センター　,水 土,火,金,木
16,赤川3～4丁目,城北環境事業センター　,水 土,月,木,木
16,生江1～2丁目,城北環境事業センター　,水 土,火,金,木
16,生江3丁目1番～13番,城北環境事業センター　,水 土,火,金,木
16,生江3丁目14番,城北環境事業センター　,水 土,月,木,木
16,生江3丁目16番～28番,城北環境事業センター　,水 土,月,木,木
16,今市1～2丁目,城北環境事業センター　,月 木,火,金,火
16,大宮1〜5丁目,城北環境事業センター　,火 金,月,木,水
16,清水1～3丁目 パッカー車(大きい車)で収集している地域,城北環境事業センター　,月 木,火,金,火
16,清水1～3丁目 軽四輪車(小さい車)で収集している地域,城北環境事業センター　,火 金,火,金,土
16,清水4丁目,城北環境事業センター　,月 木,水,土,土
16,清水5丁目,城北環境事業センター　,火 金,水,土,土
16,新森1丁目,城北環境事業センター　,月 木,火,金,火
16,新森2丁目,城北環境事業センター　,月 木,水,土,火
16,新森3丁目,城北環境事業センター　,月 木,火,金,火
16,新森4丁目,城北環境事業センター　,火 金,水,土,火
16,新森5丁目,城北環境事業センター　,月 木,火,金,火
16,新森6～7丁目,城北環境事業センター　,月 木,水,土,土
16,千林1～2丁目,城北環境事業センター　,月 木,火,金,火
16,太子橋1丁目,城北環境事業センター　,火 金,火,金,火
16,太子橋2丁目 パッカー車(大きい車)で収集している地域,城北環境事業センター　,月 木,火,金,火
16,太子橋2丁目 軽四輪車(小さい車)で収集している地域,城北環境事業センター　,月 木,火,金,水
16,太子橋3丁目,城北環境事業センター　,月 木,火,金,火
16,高殿1～2丁目,城北環境事業センター　,水 土,火,金,木
16,高殿3～4丁目,城北環境事業センター　,火 金,月,木,木
16,高殿5丁目,城北環境事業センター　,水 土,火,金,木
16,高殿6丁目,城北環境事業センター　,火 金,月,木,木
16,高殿6丁目22番9号シャリエ関目高殿,城北環境事業センター　,水 土,月,木,木
16,高殿7丁目,城北環境事業センター　,月 木,水,土,火
16,中宮1～4丁目,城北環境事業センター　,火 金,月,木,木
16,中宮5丁目,城北環境事業センター　,水 土,月,木,水
16,森小路1～2丁目,城北環境事業センター　,月 木,火,金,火
17,今福西1～2丁目,城北環境事業センター,月 木,金,火,金
17,今福西1～2丁目 軽四輪車(小さい車)で収集している地域,城北環境事業センター,月 木,水,土,金
17,今福西1丁目15番30号ステイツ城東グランプレス,城北環境事業センター,火 金,金,火,金
17,今福西3～6丁目,城北環境事業センター,月 木,火,金,金
17,今福東1丁目,城北環境事業センター,月 木,火,水,金
17,今福東1丁目シティテラス今福鶴見,城北環境事業センター,水 土,水,土,金
17,今福東2～3丁目,城北環境事業センター,月 木,火,金,金
17,今福南1～4丁目,城北環境事業センター,月 木,火,水,金
17,蒲生1～4丁目,城北環境事業センター,水 土,金,火,火
17,蒲生1～4丁目 軽四輪車(小さい車)で収集している地域,城北環境事業センター,月 木,金,火,火
17,新喜多1～2丁目,城北環境事業センター,水 土,金,火,火
17,新喜多1～2丁目 軽四輪車(小さい車)で収集している地域,城北環境事業センター,月 木,金,火,火
17,新喜多東1～2丁目,城北環境事業センター,火 金,水,土,木
17,鴫野西1～5丁目,城北環境事業センター,火 金,月,木,月
17,鴫野西2丁目5番　大阪城公園スカイハイツ,城北環境事業センター,月 木,月,木,月
17,鴫野西3丁目6番　鴫野第2住宅,城北環境事業センター,月 木,月,木,月
17,鴫野西5丁目1番　鴫野コーポ,城北環境事業センター,月 木,月,木,月
17,鴫野東1～3丁目,城北環境事業センター,水 土,月,木,月
17,鴫野東1～3丁目 軽四輪車(小さい車)で収集している地域,城北環境事業センター,火 金,月,木,月
17,諏訪1～4丁目,城北環境事業センター,火 金,月,土,木
17,成育1～5丁目,城北環境事業センター,水 土,火,金,火
17,関目1～5丁目,城北環境事業センター,月 木,火,金,金
17,関目5丁目10番～22番,城北環境事業センター,月 木,火,水,金
17,関目6丁目1番～6番,城北環境事業センター,月 木,火,水,金
17,関目6丁目7番～15番,城北環境事業センター,月 木,月,木,金
17,中央1～3丁目,城北環境事業センター,水 土,火,金,火
17,天王田,城北環境事業センター,火 金,月,木,木
17,永田1丁目,城北環境事業センター,火 金,水,土,木
17,永田2丁目1番～3番,城北環境事業センター,火 金,月,土,木
17,永田2丁目4番～8番,城北環境事業センター,火 金,月,木,木
17,永田2丁目9番～17番,城北環境事業センター,火 金,月,土,木
17,永田2丁目18番,城北環境事業センター,火 金,月,木,木
17,永田3～4丁目,城北環境事業センター,火 金,月,木,木
17,中浜1～3丁目,城北環境事業センター,火 金,月,木,月
17,野江1～4丁目,城北環境事業センター,水 土,火,金,火
17,放出西1～3丁目,城北環境事業センター,月 木,水,土,木
17,東中浜1～9丁目,城北環境事業センター,火 金,月,木,月
17,古市1丁目,城北環境事業センター,月 木,火,金,金
17,古市2～3丁目,城北環境事業センター,火 金,月,木,金
17,古市2丁目1番（リビエール1～6号棟）,城北環境事業センター,月 木,火,金,金
17,森之宮1～2丁目,城北環境事業センター,月 木,月,木,月
18,今津北2丁目1番1号〜20号,城北環境事業センター　,火 金,木,月,土
18,今津北2丁目4・5・7・9・10番,城北環境事業センター　,火 金,木,月,土
18,今津北3〜5丁目,城北環境事業センター　,火 金,木,月,土
18,今津北上記以外の今津北(榎本地域),城北環境事業センター　,火 金,木,月,木1 木3※
18,今津中2丁目2・4・5番,城北環境事業センター　,火 金,木,月,土
18,今津中3〜5丁目,城北環境事業センター　,火 金,木,月,土
18,今津中上記以外の今津中(榎本地域),城北環境事業センター　,火 金,木,月,木1 木3※
18,今津南2丁目2・4・6・8・10番,城北環境事業センター　,火 金,木,月,土
18,今津南3・4丁目,城北環境事業センター　,火 金,木,月,土
18,今津南上記以外の今津南(榎本地域),城北環境事業センター　,火 金,木,月,木1 木3※
18,鶴見1～6丁目,城北環境事業センター　,月 木,金,火,金
18,徳庵1丁目,城北環境事業センター　,火 金,土,水,月
18,徳庵2丁目,城北環境事業センター　,火 金,木,月,月
18,中茶屋1丁目,城北環境事業センター　,火 金,木,月,月
18,中茶屋2丁目,城北環境事業センター　,水 土,木,月,月
18,放出東1～3丁目(榎本地域),城北環境事業センター　,火 金,土,水,木1 木3※
18,浜1丁目,城北環境事業センター　,火 金,木,月,月
18,浜2～4丁目,城北環境事業センター　,水 土,木,月,月
18,浜2丁目（サンクタス鶴見緑地）,城北環境事業センター　,火 金,木,月,月
18,浜5丁目,城北環境事業センター　,火 金,木,月,月
18,浜3丁目4番 軽四輪車(小さい車)で収集している地域,城北環境事業センター　,火 金,木,月,月
18,浜3丁目9番～11番 軽四輪車(小さい車)で収集している地域,城北環境事業センター　,火 金,木,月,月
18,茨田大宮1～4丁目,城北環境事業センター　,水 土,木,月,月
18,緑1～4丁目,城北環境事業センター　,月 木,金,火,土
18,諸口1丁目,城北環境事業センター　,月 木,土,水,金
18,諸口2丁目,城北環境事業センター　,火 金,土,水,月
18,諸口3丁目,城北環境事業センター　,月 木,土,水,金
18,諸口4～5丁目,城北環境事業センター　,火 金,土,水,月
18,諸口6丁目,城北環境事業センター　,月 木,土,水,月
18,焼野1～3丁目,城北環境事業センター　,火 金,木,月,月
18,安田1～4丁目,城北環境事業センター　,水 土,木,月,月
18,横堤1～5丁目,城北環境事業センター　,月 木,金,火,金
18,緑地公園,城北環境事業センター　,火 金,土,水,月
19,相生通1・2丁目,南部環境事業センター,水 土,木,月,木
19,旭町1丁目1番,南部環境事業センター,月 木,金,火,金
19,旭町1丁目C1コーポ・第1住宅以外,南部環境事業センター,月 木,金,火,土
19,旭町1丁目C1コーポ・第1住宅,南部環境事業センター,火 金,金,火,土
19,旭町2丁目,南部環境事業センター,火 金,金,火,土
19,旭町3丁目,南部環境事業センター,火 金,金,火,火
19,阿倍野筋1・2丁目あべのnini以外,南部環境事業センター,月 木,金,火,土
19,阿倍野筋1・2丁目あべのnini,南部環境事業センター,火 金,金,火,土
19,阿倍野筋3丁目1～9番,南部環境事業センター,月 木,金,火,土
19,阿倍野筋3丁目10～13番,南部環境事業センター,月 木,金,火,火
19,阿倍野筋4・5丁目,南部環境事業センター,月 木,金,火,火
19,阿倍野元町1・2番,南部環境事業センター,月 木,金,火,火
19,阿倍野元町3～19番,南部環境事業センター,火 金,木,月,木
19,王子町1丁目,南部環境事業センター,月 木,金,火,火
19,王子町2丁目1・3番,南部環境事業センター,月 木,火金,火,火
19,王子町2丁目2・4～17番,南部環境事業センター,火 金,木,月,水
19,王子町3丁目,南部環境事業センター,火 金,木,月,水
19,王子町4丁目サンバリエ阿倍野阪南以外,南部環境事業センター,火 金,木,月,水
19,王子町4丁目サンバリエ阿倍野阪南,南部環境事業センター,火 金,木,月,水
19,北畠1丁目,南部環境事業センター,火 金,木,月,木
19,北畠2・3丁目,南部環境事業センター,水 土,木,月,木
19,共立通1・2丁目,南部環境事業センター,月 木,金,火,火
19,三明町1・2丁目,南部環境事業センター,月 木,金,火,金
19,昭和町1丁目,南部環境事業センター,火 金,土,水,水
19,昭和町2～5丁目,南部環境事業センター,火 金,土,水,月
19,晴明通,南部環境事業センター,水 土,木,月,木
19,帝塚山1丁目1～6番,南部環境事業センター,火 金,木,月,木
19,帝塚山1丁目7～23番,南部環境事業センター,水 土,木,月,木
19,天王寺町北1～3丁目,南部環境事業センター,月 木,金,火,金
19,天王寺町南1～3丁目,南部環境事業センター,月 木,金,火,金
19,長池町,南部環境事業センター,火 金,土,水,月
19,西田辺町1丁目1～16番,南部環境事業センター,火 金,木,月,月
19,西田辺町1丁目17～21番,南部環境事業センター,水 土,木,月,月
19,西田辺町2丁目1～7番,南部環境事業センター,火 金,木,月,月
19,西田辺町2丁目8～11番,南部環境事業センター,水 土,木,月,月
19,橋本町3番40・48・51号,南部環境事業センター,月 木,金,火,金
19,橋本町3番40・48・51号以外,南部環境事業センター,水 土,木,月,木
19,播磨町1丁目1～22番,南部環境事業センター,火 金,木,月,土
19,播磨町1丁目23・24番,南部環境事業センター,水 土,木,月,月
19,播磨町2・3丁目,南部環境事業センター,水 土,木,月,月
19,万代1丁目,南部環境事業センター,火 金,木,月,木
19,阪南町1丁目,南部環境事業センター,月 木,金,火,火
19,阪南町2～4丁目,南部環境事業センター,火 金,木,月,水
19,阪南町5丁目1～22番,南部環境事業センター,火 金,木,月,土
19,阪南町5丁目23～25番,南部環境事業センター,水 土,木,月,月
19,阪南町6・7丁目,南部環境事業センター,水 土,木,月,月
19,美章園1・2丁目,南部環境事業センター,月 木,金,火,金
19,美章園3丁目,南部環境事業センター,火 金,土,水,水
19,文の里1～4丁目,南部環境事業センター,火 金,土,水,水
19,松崎町1丁目,南部環境事業センター,月 木,金,火,金
19,松崎町2・3丁目,南部環境事業センター,月 木,金,火,土
19,松崎町4丁目,南部環境事業センター,月 木,土,水,水
19,松虫通1丁目1～12番,南部環境事業センター,月 木,金,火,火
19,松虫通1丁目13・14番,南部環境事業センター,水 土,木,月,木
19,松虫通2丁目,南部環境事業センター,月 木,金,火,火
19,松虫通3丁目1～4・8番,南部環境事業センター,月 木,金,火,火
19,松虫通3丁目5～7番,南部環境事業センター,水 土,木,月,木
19,丸山通1・2丁目,南部環境事業センター,月 木,金,火,火
19,桃ヶ池町1丁目1・2番,南部環境事業センター,火 金,土,水,水
19,桃ヶ池町1丁目3～14番・2丁目,南部環境事業センター,火 金,土,水,月
20,安立1～3丁目,西南環境事業センター,火 金,木,月,水
20,安立4丁目,西南環境事業センター,火 金,木,月,月
20,泉1・2丁目,西南環境事業センター,火 金,木,月,木
20,北加賀屋1～5丁目,西南環境事業センター,月 木,金,火,金
20,北島1・3丁目,西南環境事業センター,水 土,金,火,月
20,北島1丁目4番（26号線沿い）,西南環境事業センター,水 土,木,月,月
20,北島2丁目1～5・8番,西南環境事業センター,火 金,木,月,月
20,北島2丁目6・7・9～11番,西南環境事業センター,水 土,金,火,月
20,北島2丁目8番10号ロイヤル北島,西南環境事業センター,水 土,金,火,月
20,粉浜1・2丁目,西南環境事業センター,月 木,金,火,火
20,粉浜2丁目（3丁目隣接地域）,西南環境事業センター,月 木,土,水,火
20,粉浜3丁目,西南環境事業センター,月 木,土,水,火
20,粉浜西1〜3丁目,西南環境事業センター,月 木,土,水,火
20,柴谷1・2丁目,西南環境事業センター,月 木,金,火,金
20,新北島1・3・5・7丁目,西南環境事業センター,火 金,木,月,木
20,新北島2・4・6・8丁目,西南環境事業センター,水 土,金,火,木
20,住之江1・2丁目,西南環境事業センター,火 金,木,月,水
20,住之江3丁目,西南環境事業センター,火 金,木,月,月
20,中加賀屋1～4丁目,西南環境事業センター,月 木,金,火,金
20,南港北1丁目,西南環境事業センター,火 金,土,水,水
20,南港中2丁目,西南環境事業センター,月,土,水,水
20,南港中3丁目,西南環境事業センター,木,土,水,水
20,南港中4丁目,西南環境事業センター,金,土,水,水
20,南港中5丁目,西南環境事業センター,火,土,水,水
20,南港東1・2丁目,西南環境事業センター,水 土,木,月,木
20,西加賀屋1～4丁目,西南環境事業センター,月 木,金,火,金
20,西住之江1・2丁目,西南環境事業センター,火 金,木,月,水
20,西住之江3・4丁目,西南環境事業センター,木 土,木,月,月
20,浜口西1丁目,西南環境事業センター,月 木,土,水,火
20,浜口西2丁目,西南環境事業センター,火 金,木,月,木
20,浜口西3丁目,西南環境事業センター,火 金,木,月,月
20,浜口東1丁目,西南環境事業センター,月 木,土,水,火
20,浜口東2・3丁目,西南環境事業センター,火 金,木,月,水
20,東加賀屋1～4丁目,西南環境事業センター,月 木,金,火,火
20,平林北1・2丁目,西南環境事業センター,水 土,土,水,木
20,平林南1丁目,西南環境事業センター,水 土,木,月,木
20,平林南2丁目1～3番,西南環境事業センター,水 土,木,月,木
20,平林南2丁目4・5番,西南環境事業センター,水 土,金,火,木
20,平林南2丁目6～12番,西南環境事業センター,水 土,木,月,木
20,御崎1～4丁目,西南環境事業センター,火 金,木,月,木
20,御崎5～8丁目,西南環境事業センター,火 金,木,月,月
20,緑木1・2丁目,西南環境事業センター,月 木,金,火,金
20,南加賀屋1丁目,西南環境事業センター,火 金,木,月,木
20,南加賀屋2・3丁目,西南環境事業センター,火 金,木,月,月
20,南加賀屋4丁目1～3番,西南環境事業センター,火 金,木,月,月
20,南加賀屋4丁目4～18番,西南環境事業センター,水 土,金,火,月
21,浅香1・2丁目,西南環境事業センター,月 木,火,金,火
21,我孫子1～5丁目,西南環境事業センター,月 木,火,金,火
21,我孫子西1丁目,西南環境事業センター,火 金,月,木,月
21,我孫子西2丁目,西南環境事業センター,水 土,月,木,金
21,我孫子東1～3丁目,西南環境事業センター,月 木,火,金,火
21,上住吉1・2丁目,西南環境事業センター,火 金,月,木,木
21,遠里小野1丁目,西南環境事業センター,水 土,月,木,金
21,遠里小野2・3丁目,西南環境事業センター,月 木,火,金,火
21,遠里小野4～7丁目,西南環境事業センター,水 土,月,木,金
21,苅田1～3丁目,西南環境事業センター,月 木,火,金,土
21,苅田4～10丁目,西南環境事業センター,月 木,火,金,土
21,沢之町1・2丁目,西南環境事業センター,水 土,月,木,金
21,清水丘1～3丁目,西南環境事業センター,水 土,月,木,金
21,杉本1・2丁目,西南環境事業センター,月 木,火,金,火
21,杉本3丁目,西南環境事業センター,月 木,火,金,火
21,墨江1丁目,西南環境事業センター,火 金,月,木,木
21,墨江2～4丁目,西南環境事業センター,水 土,月,木,金
21,住吉1・2丁目,西南環境事業センター,火 金,月,木,木
21,千躰1丁目,西南環境事業センター,火 金,月,木,月
21,千躰2丁目,西南環境事業センター,水 土,月,木,月
21,大領1～5丁目,西南環境事業センター,火 金,水,土,月
21,帝塚山中1～5丁目,西南環境事業センター,火 金,水,土,木
21,帝塚山西1～4丁目,西南環境事業センター,火 金,月,木,木
21,帝塚山東1～4丁目,西南環境事業センター,火 金,水,土,木
21,帝塚山東5丁目,西南環境事業センター,火 金,月,木,木
21,殿辻1丁目,西南環境事業センター,火 金,月,木,月
21,殿辻2丁目,西南環境事業センター,水 土,月,木,月
21,長居1～3丁目,西南環境事業センター,火 金,水,土,月
21,長居4丁目,西南環境事業センター,火 金,水,土,月
21,長居西1・2丁目,西南環境事業センター,火 金,水,土,月
21,長居西3丁目,西南環境事業センター,火 金,水,土,月
21,長居東1～3丁目,西南環境事業センター,月 木,火,金,土
21,長居東4丁目1～7番,西南環境事業センター,月 木,水,土,火
21,長居東4丁目8～21番,西南環境事業センター,月 木,火,金,火
21,長峡町,西南環境事業センター,火 金,月,木,木
21,庭井1・2丁目,西南環境事業センター,月 木,火,金,土
21,東粉浜1～3丁目,西南環境事業センター,火 金,月,木,木
21,万代2～5丁目,西南環境事業センター,火 金,水,土,木
21,万代6丁目,西南環境事業センター,火 金,月,木,木
21,万代東1～4丁目,西南環境事業センター,火 金,水,土,月
21,南住吉1丁目,西南環境事業センター,火 金,水,土,月
21,南住吉2丁目,西南環境事業センター,火 金,月,木,月
21,南住吉3丁目,西南環境事業センター,火 金,月,木,月
21,南住吉4丁目,西南環境事業センター,水 土,月,木,金
21,山之内1丁目,西南環境事業センター,水 土,火,金,金
21,山之内2～5丁目,西南環境事業センター,月 木,火,金,火
21,山之内元町,西南環境事業センター,月 木,火,金,火
22,今川1・2・3丁目,中部環境事業センター,火 金,月,木,月
22,今川4丁目,中部環境事業センター,月 木,火,金,土
22,今川5・6丁目,中部環境事業センター,火 金,月,木,月
22,今川7丁目,中部環境事業センター,月 木,火,金,土
22,今川8丁目,中部環境事業センター,火 金,月,木,月
22,今林,中部環境事業センター,火 金,月,木,月
22,北田辺,中部環境事業センター,月 木,水,土,土
22,杭全,中部環境事業センター,火 金,月,木,月
22,桑津1～4丁目,中部環境事業センター,火 金,月,木,月
22,桑津5丁目,中部環境事業センター,月 木,水,土,土
22,公園南矢田,中部環境事業センター,水 土,火,金,火
22,駒川1丁目,中部環境事業センター,月 木,水,土,土
22,駒川2丁目,中部環境事業センター,月 木,火,金,土
22,駒川3丁目1番〜25番,中部環境事業センター,月 木,水,土,土
22,駒川3丁目26番〜31番,中部環境事業センター,月 木,水,土,火
22,駒川4・5丁目,中部環境事業センター,月 木,火,金,火
22,住道矢田,中部環境事業センター,火 金,月,木,月
22,鷹合,中部環境事業センター,月 木,火,金,火
22,田辺1・3丁目,中部環境事業センター,水 土,火,金,火
22,田辺2・4丁目,中部環境事業センター,月 木,水,土,火
22,田辺5・6丁目,中部環境事業センター,月 木,水,土,土
22,照ヶ丘矢田,中部環境事業センター,火 金,月,木,月
22,中野1丁目・2丁目,中部環境事業センター,火 金,月,木,月
22,中野3丁目1・2番,中部環境事業センター,火 金,月,木,月
22,中野3丁目3～12番,中部環境事業センター,火 金,月,木,水
22,中野4丁目1～3番,中部環境事業センター,火 金,月,木,月
22,中野4丁目4～17番,中部環境事業センター,火 金,月,木,水
22,西今川1丁目,中部環境事業センター,月 木,水,土,土
22,西今川2～4丁目,中部環境事業センター,月 木,火,金,土
22,針中野,中部環境事業センター,火 金,月,木,水
22,東田辺1丁目,中部環境事業センター,月 木,水,土,火
22,東田辺2・3丁目,中部環境事業センター,月 木,火,金,火
22,南田辺,中部環境事業センター,水 土,火,金,火
22,矢田1～6丁目,中部環境事業センター,月 木,火,金,水
22,矢田7丁目,中部環境事業センター,火 金,月,木,月
22,山坂,中部環境事業センター,水 土,火,金,火
22,湯里1・2・4・5・6丁目,中部環境事業センター,火 金,月,木,水
22,湯里3丁目,中部環境事業センター,火 金,月,木,月
23,瓜破1～7丁目,東南環境事業センター,水 土,月,木,月
23,瓜破西1～3丁目,東南環境事業センター,水 土,月,木,月
23,瓜破東1～8丁目,東南環境事業センター,水 土,月,木,木
23,瓜破南1・2丁目,東南環境事業センター,水 土,月,木,月
23,加美北1～9丁目,東南環境事業センター,月 木,火,金,金
23,加美鞍作1～3丁目,東南環境事業センター,月 木,火,金,火
23,加美正覚寺1～4丁目,東南環境事業センター,月 木,火,金,火
23,加美西1・2丁目,東南環境事業センター,月 木,火,金,火
23,加美東1～7丁目,東南環境事業センター,月 木,火,金,火
23,加美南1～5丁目,東南環境事業センター,月 木,火,金,火
23,喜連1～7丁目（基本）,東南環境事業センター,火 金,水,土,土
23,喜連1丁目1～5・7番 軽四輪車（小さい車）で収集している地域,東南環境事業センター,火 金,水,土,土
23,喜連3丁目1番 軽四輪車（小さい車）で収集している地域,東南環境事業センター,火 金,水,土,土
23,喜連2丁目2番 軽四輪車（小さい車）で収集している地域,東南環境事業センター,火 金,水,土,土
23,喜連4丁目7～11・13・17番,東南環境事業センター,火 金,月,木,土
23,喜連7丁目3・4・6・9番　　　　　　　　　    　,東南環境事業センター,火 金,月,木,土
23,喜連西1〜3・5・6丁目（基本）,東南環境事業センター,火 金,水,土,水
23,喜連西1丁目3番,東南環境事業センター,火 金,月,木,水
23,喜連西2丁目1・2番,東南環境事業センター,火 金,月,木,水
23,喜連西3丁目1～3・8・13・15・16・18・19番 ,東南環境事業センター,火 金,月,木,水
23,喜連西4丁目,東南環境事業センター,火 金,月,木,水
23,喜連東1～5丁目（基本）,東南環境事業センター,火 金,水,土,月
23,喜連東1丁目1・2,東南環境事業センター,火 金,水,土,土
23,喜連東2丁目11,東南環境事業センター,火 金,水,土,土
23,喜連東3丁目11～13,東南環境事業センター,火 金,水,土,土
23,喜連東3丁目5～10番,東南環境事業センター,火 金,月,木,月
23,喜連東4丁目3～8番,東南環境事業センター,火 金,月,木,月
23,喜連東5丁目1-2,東南環境事業センター,火 金,月,木,月
23,喜連東 東喜連第5住宅2号館,東南環境事業センター,火 金,月,木,月
23,喜連東5丁目2～4・13番,東南環境事業センター,火 金,月,木,月
23,背戸口1～5丁目,東南環境事業センター,月 木,火,金,金
23,流町1～4丁目,東南環境事業センター,火 金,水,土,水
23,長吉川辺1・2・4丁目,東南環境事業センター,水 土,月,木,木
23,長吉川辺3丁目,東南環境事業センター,火 金,月,木,木
23,長吉出戸1～3丁目,東南環境事業センター,火 金,水,土,月
23,長吉出戸4～6丁目,東南環境事業センター,火 金,月,木,月
23,長吉出戸7・8丁目,東南環境事業センター,火 金,月,木,木
23,長吉長原1～3丁目,東南環境事業センター,火 金,月,木,木
23,長吉長原4丁目,東南環境事業センター,水 土,月,木,木
23,長吉長原西1～4丁目,東南環境事業センター,水 土,月,木,木
23,長吉長原東1～3丁目,東南環境事業センター,火 金,月,木,木
23,長吉六反1～5丁目,東南環境事業センター,火 金,月,木,木
23,西脇1～4丁目,東南環境事業センター,月 木,火,金,金
23,平野市町1～3丁目,東南環境事業センター,月 木,火,金,火
23,平野上町1・2丁目,東南環境事業センター,月 木,火,金,金
23,平野北1・2丁目,東南環境事業センター,月 木,火,金,火
23,平野西1～6丁目,東南環境事業センター,月 木,火,金,金
23,平野馬場1・2丁目,東南環境事業センター,月 木,火,金,金
23,平野東1～4丁目,東南環境事業センター,月 木,火,金,金
23,平野元町,東南環境事業センター,月 木,火,金,火
23,平野本町1～5丁目,東南環境事業センター,月 木,火,金,金
23,平野南1・2・4丁目 ,東南環境事業センター,火 金,水,土,水
23,平野南3丁目1～8番,東南環境事業センター,火 金,水,土,水
23,平野南3丁目9～11番,東南環境事業センター,月 木,水,土,水
23,平野宮町1・2丁目,東南環境事業センター,月 木,火,金,火
24,旭1～3丁目,南部環境事業センター,火 金,月,木,木
24,岸里1～3丁目,南部環境事業センター,火 金,月,木,月
24,岸里東1・2丁目,南部環境事業センター,月 木,火,金,金
24,北津守1～4丁目,南部環境事業センター,火 金,月,木,木
24,北開1・2丁目,南部環境事業センター,火 金,月,木,木
24,山王1～3丁目,南部環境事業センター,月 木,水,土,土
24,潮路1・2丁目,南部環境事業センター,火 金,月,木,月
24,聖天下1・2丁目,南部環境事業センター,月 木,水,土,金
24,千本北1・2丁目,南部環境事業センター,水 土,火,金,火
24,千本中1・2丁目,南部環境事業センター,水 土,火,金,火
24,千本南1・2丁目,南部環境事業センター,水 土,火,金,火
24,太子1・2丁目,南部環境事業センター,月 木,水,土,土
24,橘1・2丁目,南部環境事業センター,火 金,月,木,月
24,橘3丁目5番14～19号,南部環境事業センター,水 土,月,木,月
24,橘3丁目13番3～13号,南部環境事業センター,水 土,月,木,月
24,橘3丁目14番3～13号,南部環境事業センター,水 土,月,木,月
24,橘3丁目20番8・11・12号,南部環境事業センター,水 土,月,木,月
24,橘3丁目 上記以外,南部環境事業センター,火 金,月,木,月
24,橘3丁目 軽四輪車(小さい車)で収集している地域,南部環境事業センター,火 金,月,木,月
24,玉出中1・2丁目,南部環境事業センター,水 土,金,火,月
24,玉出西1丁目,南部環境事業センター,水 土,火,金,金
24,玉出西2丁目,南部環境事業センター,月 木,水,土,金
24,玉出東1・2丁目,南部環境事業センター,水 土,火,金,金
24,津守1丁目1～6・8・9番,南部環境事業センター,火 金,月,木,土
24,津守1丁目10〜12番,南部環境事業センター,火 金,月,木,木
24,津守1丁目7・13・14番,南部環境事業センター,月 木,水,土,土
24,津守1丁目 軽四輪車(小さい車)で収集している地域,南部環境事業センター,火 金,月,木,土
24,津守2丁目1番,南部環境事業センター,火 金,水,土,土
24,津守2丁目2～8番,南部環境事業センター,月 木,水,土,土
24,津守3丁目,南部環境事業センター,月 木,水,土,土
24,鶴見橋1～3丁目,南部環境事業センター,火 金,月,木,木
24,出城1～3丁目,南部環境事業センター,火 金,月,木,木
24,天下茶屋1丁目32番26・28〜31号,南部環境事業センター,月 木,火,金,月
24,天下茶屋1～3丁目(1丁目32番26・28〜31号以外),南部環境事業センター,月 木,火,金,金
24,天下茶屋北1・2丁目,南部環境事業センター,月 木,水,土,土
24,天下茶屋東1・2丁目,南部環境事業センター,月 木,水,土,金
24,天神ノ森1・2丁目,南部環境事業センター,月 木,火,金,金
24,長橋1～3丁目,南部環境事業センター,火 金,月,木,木
24,中開1～3丁目,南部環境事業センター,火 金,月,木,木
24,梅南1～3丁目,南部環境事業センター,火 金,月,木,月
24,萩之茶屋1～3丁目,南部環境事業センター,月 木,水,土,土
24,花園北1丁目,南部環境事業センター,月 木,水,土,土
24,花園北2丁目,南部環境事業センター,火 金,水,土,土
24,花園南1・2丁目,南部環境事業センター,火 金,月,木,月
24,松1～3丁目,南部環境事業センター,火 金,月,木,月
24,南津守1丁目,南部環境事業センター,月 木,水,土,土
24,南津守2・5丁目,南部環境事業センター,月 木,水,土,火
24,南津守3・4丁目,南部環境事業センター,月 木,火,金,火
24,南津守6・7丁目,南部環境事業センター,月 木,水,土,火
24,南開1・2丁目,南部環境事業センター,火 金,月,木,木
